{
  "xgboost": 0.33304534295437427,
  "lightgbm": 0.3329737675595652,
  "catboost": 0.3339808894860606
}