{
  "xgboost": 0.33254252608869106,
  "lightgbm": 0.33319447278079284,
  "catboost": 0.3342630011305161
}