{
  "xgboost": 0.3326917361758275,
  "lightgbm": 0.33328278534499384,
  "catboost": 0.3340254784791787
}